Arseny Alexeev,BKarkS8AAAAJ
A Alexeev,BKarkS8AAAAJ
A. Alexeev,BKarkS8AAAAJ
M Alexeev,BKarkS8AAAAJ
M. Alexeev,BKarkS8AAAAJ
Andrea Ferrari,-8330224008095099108
A Ferrari,-8330224008095099108
A. Ferrari,-8330224008095099108
Evangelos Eleftheriou,804fD3cAAAAJ
E Eleftheriou,804fD3cAAAAJ
E. Eleftheriou,804fD3cAAAAJ
S Eleftheriou,804fD3cAAAAJ
S. Eleftheriou,804fD3cAAAAJ
Alessandro Curioni,EidvBK8AAAAJ
A Curioni,EidvBK8AAAAJ
A. Curioni,EidvBK8AAAAJ
C Wright,Hzt432IAAAAJ
C. Wright,Hzt432IAAAAJ
David Wright,Hzt432IAAAAJ
D Wright,Hzt432IAAAAJ
D. Wright,Hzt432IAAAAJ
Chunmeng Duo,-5078725801439058159
C Duo,-5078725801439058159
C. Duo,-5078725801439058159
M Portnoi,nnz4n_8AAAAJ
M. Portnoi,nnz4n_8AAAAJ
E Portnoi,nnz4n_8AAAAJ
E. Portnoi,nnz4n_8AAAAJ
Mikhail Portnoi,nnz4n_8AAAAJ
Abu Sebastian,sUCQ7KMAAAAJ
A Sebastian,sUCQ7KMAAAAJ
A. Sebastian,sUCQ7KMAAAAJ
Richard Hartmann,mUZS18kAAAAJ
R Hartmann,mUZS18kAAAAJ
R. Hartmann,mUZS18kAAAAJ
Venkata Nagareddy,PkDsVnYAAAAJ
V Nagareddy,PkDsVnYAAAAJ
V. Nagareddy,PkDsVnYAAAAJ
Karthik Nagareddy,PkDsVnYAAAAJ
K Nagareddy,PkDsVnYAAAAJ
K. Nagareddy,PkDsVnYAAAAJ
Matthew Barnes,2WmPwFwAAAAJ
M Barnes,2WmPwFwAAAAJ
M. Barnes,2WmPwFwAAAAJ
D Barnes,2WmPwFwAAAAJ
D. Barnes,2WmPwFwAAAAJ
Anna Ott,-6829196538978479109
A Ott,-6829196538978479109
A. Ott,-6829196538978479109
Matthias Wuttig,dnqKbtMAAAAJ
M Wuttig,dnqKbtMAAAAJ
M. Wuttig,dnqKbtMAAAAJ
Vara Jonnalagadda,-689870289379048346
V Jonnalagadda,-689870289379048346
V. Jonnalagadda,-689870289379048346
Sudananda Jonnalagadda,-689870289379048346
S Jonnalagadda,-689870289379048346
S. Jonnalagadda,-689870289379048346
Prasad Jonnalagadda,-689870289379048346
P Jonnalagadda,-689870289379048346
P. Jonnalagadda,-689870289379048346
Oana Cojocarumiredin,596556775816587608
O Cojocarumiredin,596556775816587608
O. Cojocarumiredin,596556775816587608
I Shelykh,3C8rCAYAAAAJ
I. Shelykh,3C8rCAYAAAAJ
A Shelykh,3C8rCAYAAAAJ
A. Shelykh,3C8rCAYAAAAJ
Ivan Shelykh,3C8rCAYAAAAJ
Monica Craciun,jGYuq0cAAAAJ
M Craciun,jGYuq0cAAAAJ
M. Craciun,jGYuq0cAAAAJ
Felicia Craciun,jGYuq0cAAAAJ
F Craciun,jGYuq0cAAAAJ
F. Craciun,jGYuq0cAAAAJ
C Dou,Bg8d4AUAAAAJ
C. Dou,Bg8d4AUAAAAJ
Chang Dou,Bg8d4AUAAAAJ
Wabe Koelmans,s0Hsc_kAAAAJ
W Koelmans,s0Hsc_kAAAAJ
W. Koelmans,s0Hsc_kAAAAJ
Tobias Bachmann,KfwMLlAAAAAJ
T Bachmann,KfwMLlAAAAAJ
T. Bachmann,KfwMLlAAAAAJ
S Zhang,BFtWlhEAAAAJ
S. Zhang,BFtWlhEAAAAJ
Shou-Cheng Zhang,BFtWlhEAAAAJ
C Scheu,FBUpDocAAAAJ
C. Scheu,FBUpDocAAAAJ
Christina Scheu,FBUpDocAAAAJ
Khue Lai,-123639165763305024
K Lai,-123639165763305024
K. Lai,-123639165763305024
T Lai,-123639165763305024
T. Lai,-123639165763305024
Federico Zipoli,eRDTo4UAAAAJ
F Zipoli,eRDTo4UAAAAJ
F. Zipoli,eRDTo4UAAAAJ
O Cojocaru,-2931099174853341188
O. Cojocaru,-2931099174853341188
O Mirédin,-2931099174853341188
O. Mirédin,-2931099174853341188
Sameer Yaser,-2535355848101777407
S Yaser,-2535355848101777407
S. Yaser,-2535355848101777407
Ronald Barr,-5577082771039859706
R Barr,-5577082771039859706
R. Barr,-5577082771039859706
D Barr,-5577082771039859706
D. Barr,-5577082771039859706
Steve Dept,7847091125109934089
S Dept,7847091125109934089
S. Dept,7847091125109934089
Ioannis Boukovinas,2194270110659265547
I Boukovinas,2194270110659265547
I. Boukovinas,2194270110659265547
Raya Saab,erlMPHDXZAUC
R Saab,erlMPHDXZAUC
R. Saab,erlMPHDXZAUC
Francesco Vattaneo,8413703966672429582
F Vattaneo,8413703966672429582
F. Vattaneo,8413703966672429582
Jeremy Whelan,2590628142784927759
J Whelan,2590628142784927759
J. Whelan,2590628142784927759
S Litiere,-4414130741710076912
S. Litiere,-4414130741710076912
A Trama,-5199109825876991469
A. Trama,-5199109825876991469
Shreyaskumar Patel,-8852690705751317480
S Patel,-8852690705751317480
S. Patel,-8852690705751317480
R Patel,-8852690705751317480
R. Patel,-8852690705751317480
Ibrahim Qaddoumi,4826437226763294233
I Qaddoumi,4826437226763294233
I. Qaddoumi,4826437226763294233
Rita Lopes,rn84oA4AAAAJ
R Lopes,rn84oA4AAAAJ
R. Lopes,rn84oA4AAAAJ
Sobreira Lopes,rn84oA4AAAAJ
S Lopes,rn84oA4AAAAJ
S. Lopes,rn84oA4AAAAJ
de Lopes,rn84oA4AAAAJ
d Lopes,rn84oA4AAAAJ
d. Lopes,rn84oA4AAAAJ
Cássia Lopes,rn84oA4AAAAJ
C Lopes,rn84oA4AAAAJ
C. Lopes,rn84oA4AAAAJ
Cristina Meazza,6901408790373341726
C Meazza,6901408790373341726
C. Meazza,6901408790373341726
P Hohenberger,557545707370819109
P. Hohenberger,557545707370819109
Ilaria Marcon,-5821657715612838871
I Marcon,-5821657715612838871
I. Marcon,-5821657715612838871
Carlos Rodriguezgalindo,7008237853863075369
C Rodriguezgalindo,7008237853863075369
C. Rodriguezgalindo,7008237853863075369
Gaetano Coppola,-2136049017898159573
G Coppola,-2136049017898159573
G. Coppola,-2136049017898159573
Alp Ozkan,NPXQUWUAAAAJ
A Ozkan,NPXQUWUAAAAJ
A. Ozkan,NPXQUWUAAAAJ
Ofer Merimsky,8743619425389198895
O Merimsky,8743619425389198895
O. Merimsky,8743619425389198895
Daniel Orbach,6501573866626969139
D Orbach,6501573866626969139
D. Orbach,6501573866626969139
Lorenzo Pollini,iMygHssAAAAJ
L Pollini,iMygHssAAAAJ
L. Pollini,iMygHssAAAAJ
Ivan Lunati,jXdelyMAAAAJ
I Lunati,jXdelyMAAAAJ
I. Lunati,jXdelyMAAAAJ
Gabriela Ferrari,-8330224008095099108
G Ferrari,-8330224008095099108
G. Ferrari,-8330224008095099108
Daniel Popa,FsOcKlIAAAAJ
D Popa,FsOcKlIAAAAJ
D. Popa,FsOcKlIAAAAJ
J Blay,NetWbHgAAAAJ
J. Blay,NetWbHgAAAAJ
Y Blay,NetWbHgAAAAJ
Y. Blay,NetWbHgAAAAJ
Jean-yves Blay,NetWbHgAAAAJ
Dirk Strauss,8810263105225998906
D Strauss,8810263105225998906
D. Strauss,8810263105225998906
C Strauss,8810263105225998906
C. Strauss,8810263105225998906
Patrizia Bruzzi,-6679824138563487681
P Bruzzi,-6679824138563487681
P. Bruzzi,-6679824138563487681
Uta Dirksen,4833493935267273283
U Dirksen,4833493935267273283
U. Dirksen,4833493935267273283
Lucio Bernard,8092545206711403593
L Bernard,8092545206711403593
L. Bernard,8092545206711403593
Cesare Bisoni,9211844014909291082
C Bisoni,9211844014909291082
C. Bisoni,9211844014909291082
Tagma Donelli,dwbhiVkAAAAJ
T Donelli,dwbhiVkAAAAJ
T. Donelli,dwbhiVkAAAAJ
Marina Donelli,dwbhiVkAAAAJ
M Donelli,dwbhiVkAAAAJ
M. Donelli,dwbhiVkAAAAJ
Schneider Donelli,dwbhiVkAAAAJ
S Donelli,dwbhiVkAAAAJ
S. Donelli,dwbhiVkAAAAJ
Luigi Mariani,kBTAz9IAAAAJ
L Mariani,kBTAz9IAAAAJ
L. Mariani,kBTAz9IAAAAJ
John Robertson,SRe6wwEAAAAJ
J Robertson,SRe6wwEAAAAJ
J. Robertson,SRe6wwEAAAAJ
Paola Collini,Me96RCgAAAAJ
P Collini,Me96RCgAAAAJ
P. Collini,Me96RCgAAAAJ
Arnauld Verschuur,3847335107698992222
A Verschuur,3847335107698992222
A. Verschuur,3847335107698992222
Paolo Casali,7836793571050042975
P Casali,7836793571050042975
P. Casali,7836793571050042975
G Casali,7836793571050042975
G. Casali,7836793571050042975
André Beltrami,-5039062293328128414
A Beltrami,-5039062293328128414
A. Beltrami,-5039062293328128414
Antônio Beltrami,-5039062293328128414
P Navarria,-2231475075686938014
P. Navarria,-2231475075686938014
C Morosi,-7029132432906131356
C. Morosi,-7029132432906131356
Piero Picci,coT8RaQAAAAJ
P Picci,coT8RaQAAAAJ
P. Picci,coT8RaQAAAAJ
Rossella Bertulli,-4820866527081746841
R Bertulli,-4820866527081746841
R. Bertulli,-4820866527081746841
Rita Alaggio,rQykbp0AAAAJ
R Alaggio,rQykbp0AAAAJ
R. Alaggio,rQykbp0AAAAJ
Syed Hussain,aFaX6hcAAAAJ
S Hussain,aFaX6hcAAAAJ
S. Hussain,aFaX6hcAAAAJ
Arshad Hussain,aFaX6hcAAAAJ
A Hussain,aFaX6hcAAAAJ
A. Hussain,aFaX6hcAAAAJ
Beverly Raney,-5014376496430689171
B Raney,-5014376496430689171
B. Raney,-5014376496430689171
Elisabetta Pennacchioli,-2130159640883910543
E Pennacchioli,-2130159640883910543
E. Pennacchioli,-2130159640883910543
Alberto Pappo,6183935572879109235
A Pappo,6183935572879109235
A. Pappo,6183935572879109235
S Pappo,6183935572879109235
S. Pappo,6183935572879109235
Iyad Sultan,-3375043562594570113
I Sultan,-3375043562594570113
I. Sultan,-3375043562594570113
A Tos,84gW-ewAAAAJ
A. Tos,84gW-ewAAAAJ
P Tos,84gW-ewAAAAJ
P. Tos,84gW-ewAAAAJ
Dei Tos,84gW-ewAAAAJ
D Tos,84gW-ewAAAAJ
D. Tos,84gW-ewAAAAJ
Angelo Tos,84gW-ewAAAAJ
Troy Budd,6853651670059248778
T Budd,6853651670059248778
T. Budd,6853651670059248778
P Reichardt,-8418055913413199221
P. Reichardt,-8418055913413199221
A Cesne,-7030037393334835568
A. Cesne,-7030037393334835568
Le Cesne,-7030037393334835568
L Cesne,-7030037393334835568
L. Cesne,-7030037393334835568
Isabelle Raycoquard,-6201133343515231598
I Raycoquard,-6201133343515231598
I. Raycoquard,-6201133343515231598
Matteo Anghileri,3234159798761442451
M Anghileri,3234159798761442451
M. Anghileri,3234159798761442451
Aldo Bono,8305079155841591956
A Bono,8305079155841591956
A. Bono,8305079155841591956
Mirco Magnini,sojqhgUAAAAJ
M Magnini,sojqhgUAAAAJ
M. Magnini,sojqhgUAAAAJ
Franca Fossatibellani,-7310923972823895920
F Fossatibellani,-7310923972823895920
F. Fossatibellani,-7310923972823895920
Ping Tan,konovGYAAAAJ
P Tan,konovGYAAAAJ
P. Tan,konovGYAAAAJ
Ping-Heng Tan,konovGYAAAAJ
Karen Albritton,-3273416595785824103
K Albritton,-3273416595785824103
K. Albritton,-3273416595785824103
H Albritton,-3273416595785824103
H. Albritton,-3273416595785824103
Damiano Micelli,-2878999758407711079
D Micelli,-2878999758407711079
D. Micelli,-2878999758407711079
Jani Kivioja,8446892693251058332
J Kivioja,8446892693251058332
J. Kivioja,8446892693251058332
Alexander Fedenko,-8895009895107227488
A Fedenko,-8895009895107227488
A. Fedenko,-8895009895107227488
N Fedenko,-8895009895107227488
N. Fedenko,-8895009895107227488
Heikki Joensuu,-890490308955899741
H Joensuu,-890490308955899741
H. Joensuu,-890490308955899741
Elefterios Lidorikis,ZaB-D7wAAAAJ
E Lidorikis,ZaB-D7wAAAAJ
E. Lidorikis,ZaB-D7wAAAAJ
I Judson,TuGXkIgAAAAJ
I. Judson,TuGXkIgAAAAJ
Ivan Judson,TuGXkIgAAAAJ
Vinicio Rossini,3157631044112256172
V Rossini,3157631044112256172
V. Rossini,3157631044112256172
Alessandro Gronchi,-4455036704337635668
A Gronchi,-4455036704337635668
A. Gronchi,-4455036704337635668
Aldo Perotto,3392615994101031597
A Perotto,3392615994101031597
A. Perotto,3392615994101031597
Chiara Mussi,8484371840222332083
C Mussi,8484371840222332083
C. Mussi,8484371840222332083
Denis Basko,8624603255499569844
D Basko,8624603255499569844
D. Basko,8624603255499569844
M Basko,8624603255499569844
M. Basko,8624603255499569844
W Graaf,-7112099955206963532
W. Graaf,-7112099955206963532
T Graaf,-7112099955206963532
T. Graaf,-7112099955206963532
A Graaf,-7112099955206963532
A. Graaf,-7112099955206963532
Van Graaf,-7112099955206963532
V Graaf,-7112099955206963532
V. Graaf,-7112099955206963532
Der Graaf,-7112099955206963532
D Graaf,-7112099955206963532
D. Graaf,-7112099955206963532
R Pollock,sqZdO7cAAAAJ
R. Pollock,sqZdO7cAAAAJ
E Pollock,sqZdO7cAAAAJ
E. Pollock,sqZdO7cAAAAJ
Raphael Pollock,sqZdO7cAAAAJ
Andrea Braga,7336139801764994751
A Braga,7336139801764994751
A. Braga,7336139801764994751
Ferrari Braga,7336139801764994751
F Braga,7336139801764994751
F. Braga,7336139801764994751
F Coevorden,-4353910815108962622
F. Coevorden,-4353910815108962622
Van Coevorden,-4353910815108962622
V Coevorden,-4353910815108962622
V. Coevorden,-4353910815108962622
S Bonvalot,-262116357055559484
S. Bonvalot,-262116357055559484
Rosalba Miceli,6874495329675409094
R Miceli,6874495329675409094
R. Miceli,6874495329675409094
Joern Treuner,6546716197822787788
J Treuner,6546716197822787788
J. Treuner,6546716197822787788
Mario Santinami,7833047469130568398
M Santinami,7833047469130568398
M. Santinami,7833047469130568398
Mario Innocenti,6345560402795265238
M Innocenti,6345560402795265238
M. Innocenti,6345560402795265238
Jay Wunder,-245501475669802281
J Wunder,-245501475669802281
J. Wunder,-245501475669802281
P Champion,TWJlYq4AAAAJ
P. Champion,TWJlYq4AAAAJ
M Champion,TWJlYq4AAAAJ
M. Champion,TWJlYq4AAAAJ
Paul Champion,TWJlYq4AAAAJ
Modesto Carli,-2316556099147404071
M Carli,-2316556099147404071
M. Carli,-2316556099147404071
Cesar Piccinini,opxAsoUAAAAJ
C Piccinini,opxAsoUAAAAJ
C. Piccinini,opxAsoUAAAAJ
Augusto Piccinini,opxAsoUAAAAJ
A Piccinini,opxAsoUAAAAJ
A. Piccinini,opxAsoUAAAAJ
Bodil Bjerkehagen,9025645260320839894
B Bjerkehagen,9025645260320839894
B. Bjerkehagen,9025645260320839894
M Montemurro,fMaeDQIAAAAJ
M. Montemurro,fMaeDQIAAAAJ
Marcelo Montemurro,fMaeDQIAAAAJ
A Montemurro,fMaeDQIAAAAJ
A. Montemurro,fMaeDQIAAAAJ
Marzia Baldi,7466909006012043499
M Baldi,7466909006012043499
M. Baldi,7466909006012043499
Carol Swallow,5253765762897852653
C Swallow,5253765762897852653
C. Swallow,5253765762897852653
J Swallow,5253765762897852653
J. Swallow,5253765762897852653
Marla Neuwald,1280526595017134831
M Neuwald,1280526595017134831
M. Neuwald,1280526595017134831
Finkler Neuwald,1280526595017134831
F Neuwald,1280526595017134831
F. Neuwald,1280526595017134831
Sameer Yasir,-3975377420622138635
S Yasir,-3975377420622138635
S. Yasir,-3975377420622138635
M Schlemmer,3cZvLWQAAAAJ
M. Schlemmer,3cZvLWQAAAAJ
Mark Schlemmer,3cZvLWQAAAAJ
von Schlemmer,3cZvLWQAAAAJ
v Schlemmer,3cZvLWQAAAAJ
v. Schlemmer,3cZvLWQAAAAJ
CarloA Clerici,SsNMqE0AAAAJ
C Clerici,SsNMqE0AAAAJ
C. Clerici,SsNMqE0AAAAJ
Carlo Clerici,SsNMqE0AAAAJ
Alfredo Clerici,SsNMqE0AAAAJ
A Clerici,SsNMqE0AAAAJ
A. Clerici,SsNMqE0AAAAJ
Stefan Bielack,-4282806674362787074
S Bielack,-4282806674362787074
S. Bielack,-4282806674362787074
David Thomas,rAVyVFIAAAAJ
D Thomas,rAVyVFIAAAAJ
D. Thomas,rAVyVFIAAAAJ
Cinzia Casiraghi,ptBsc5sAAAAJ
C Casiraghi,ptBsc5sAAAAJ
C. Casiraghi,ptBsc5sAAAAJ
Archie Bleyer,3190499933814855945
A Bleyer,3190499933814855945
A. Bleyer,3190499933814855945
Javier Martinbroto,5965849525559340809
J Martinbroto,5965849525559340809
J. Martinbroto,5965849525559340809
Marco Fiore,PI2-CnkAAAAJ
M Fiore,PI2-CnkAAAAJ
M. Fiore,PI2-CnkAAAAJ
John Thome,Cwgj6LAAAAAJ
J Thome,Cwgj6LAAAAAJ
J. Thome,Cwgj6LAAAAAJ
R Thome,Cwgj6LAAAAAJ
R. Thome,Cwgj6LAAAAAJ
Lynn Ries,7769892141497266447
L Ries,7769892141497266447
L. Ries,7769892141497266447
P Dileo,-3237969182800472297
P. Dileo,-3237969182800472297
L Lozza,-2002637252846903518
L. Lozza,-2002637252846903518
D Vanel,5957742576035858212
D. Vanel,5957742576035858212
Francesco Bonaccorso,tHeBAwEAAAAJ
F Bonaccorso,tHeBAwEAAAAJ
F. Bonaccorso,tHeBAwEAAAAJ
C Colombo,iKtdensAAAAJ
C. Colombo,iKtdensAAAAJ
Carlo Colombo,iKtdensAAAAJ
Bernadette Brennan,-1445178312180893911
B Brennan,-1445178312180893911
B. Brennan,-1445178312180893911
Laura Veneroni,4025773100405494066
L Veneroni,4025773100405494066
L. Veneroni,4025773100405494066
Giovanna Trecate,-629592127665302218
G Trecate,-629592127665302218
G. Trecate,-629592127665302218
Roman Sordan,7996360151089825081
R Sordan,7996360151089825081
R. Sordan,7996360151089825081
Eura Koscielniak,4772328635339402042
E Koscielniak,4772328635339402042
E. Koscielniak,4772328635339402042
Laura Wäyrynen,-6299036786990113476
L Wäyrynen,-6299036786990113476
L. Wäyrynen,-6299036786990113476
Zhipei Sun,zyAEB5kAAAAJ
Z Sun,zyAEB5kAAAAJ
Z. Sun,zyAEB5kAAAAJ
Roberta Ortiz,-7201250234418751167
R Ortiz,-7201250234418751167
R. Ortiz,-7201250234418751167
L Ziegler,rWxsYSIAAAAJ
L. Ziegler,rWxsYSIAAAAJ
D Ziegler,rWxsYSIAAAAJ
D. Ziegler,rWxsYSIAAAAJ
Dan Ziegler,rWxsYSIAAAAJ
Guido Sotti,-4569947204622249651
G Sotti,-4569947204622249651
G. Sotti,-4569947204622249651
Estela Centurión,1910405891153192272
E Centurión,1910405891153192272
E. Centurión,1910405891153192272
C Bartoli,3379743003364190035
C. Bartoli,3379743003364190035
V Torri,-7792405744472974504
V. Torri,-7792405744472974504
Silvia Stacchiotti,5921052411364842847
S Stacchiotti,5921052411364842847
S. Stacchiotti,5921052411364842847
Michela Casanova,fi-wK3AAAAAJ
M Casanova,fi-wK3AAAAAJ
M. Casanova,fi-wK3AAAAAJ
Giovanni Cecchetto,1287536597295275883
G Cecchetto,1287536597295275883
G. Cecchetto,1287536597295275883
Jari Kinaret,opmeviMAAAAJ
J Kinaret,opmeviMAAAAJ
J. Kinaret,opmeviMAAAAJ
K Hall,q1r6oigAAAAJ
K. Hall,q1r6oigAAAAJ
S Hall,q1r6oigAAAAJ
S. Hall,q1r6oigAAAAJ
Stephen Hall,q1r6oigAAAAJ
Alessandro Grasso,w8qMVqIAAAAJ
A Grasso,w8qMVqIAAAAJ
A. Grasso,w8qMVqIAAAAJ
Giovanni Grasso,w8qMVqIAAAAJ
G Grasso,w8qMVqIAAAAJ
G. Grasso,w8qMVqIAAAAJ
Rinaldo Rinolfi,-3407787551231402642
R Rinolfi,-3407787551231402642
R. Rinolfi,-3407787551231402642
M Okcu,1934101524846082928
